model,mae,rmse
SARIMA,1.6656727269080738,2.1991577714788453
ARIMA,7.476117696215225,8.768396517900126
