model,ljung_box_lag,model_df,test_df,statistic,p_value
ARIMA,24,4,20,11.112265466790747,0.9432590001814675
SARIMA,24,6,18,25.02741007256368,0.12416303715030963
